{
    "camera_matrix": [
        [
            3676.2665615613655,
            0.0,
            751.9362528282372
        ],
        [
            0.0,
            3675.1956735385843,
            595.3364077438981
        ],
        [
            0.0,
            0.0,
            1.0
        ]
    ],
    "dist_coeffs": [
        [
            -0.223767833749003,
            2.073536752679078,
            -0.0003141362736039438,
            0.0008970590279694429,
            -10.77730618803338
        ]
    ],
    "new_camera_matrix": [
        [
            3640.115414986798,
            0.0,
            752.0613423906789
        ],
        [
            0.0,
            3638.9594801139365,
            595.1551333498596
        ],
        [
            0.0,
            0.0,
            1.0
        ]
    ],
    "roi": [
        2,
        3,
        1595,
        1193
    ]
}