{
    "camera_matrix": [
        [
            4680.370970533832,
            0.0,
            2056.775269858851
        ],
        [
            0.0,
            4677.9499972454405,
            1482.079658696465
        ],
        [
            0.0,
            0.0,
            1.0
        ]
    ],
    "dist_coeffs": [
        [
            -0.08545887372100393,
            0.15330549245950184,
            -0.000415067776257257,
            0.0008014750455876041,
            -0.04921321686077619
        ]
    ],
    "new_camera_matrix": [
        [
            4617.261477897462,
            0.0,
            2059.4232721811654
        ],
        [
            0.0,
            4612.826057674754,
            1481.0539584703977
        ],
        [
            0.0,
            0.0,
            1.0
        ]
    ],
    "roi": [
        5,
        10,
        4086,
        2979
    ]
}