{
    "camera_matrix": [
        [
            3734.955983144748,
            0.0,
            768.1983490904696
        ],
        [
            0.0,
            3733.271521061086,
            554.5927761887224
        ],
        [
            0.0,
            0.0,
            1.0
        ]
    ],
    "dist_coeffs": [
        [
            -0.19210521037632824,
            0.8860574550963618,
            0.0004486397451533364,
            0.000498298987614819,
            -8.0357027365129
        ]
    ],
    "new_camera_matrix": [
        [
            3685.615166439419,
            0.0,
            767.9104955396498
        ],
        [
            0.0,
            3684.3368704294485,
            554.3211822256841
        ],
        [
            0.0,
            0.0,
            1.0
        ]
    ],
    "roi": [
        4,
        5,
        1590,
        1189
    ]
}