{
    "camera_matrix": [
        [
            1864.9230678275526,
            0.0,
            381.15205200331525
        ],
        [
            0.0,
            3728.112815519001,
            556.1980756611802
        ],
        [
            0.0,
            0.0,
            1.0
        ]
    ],
    "dist_coeffs": [
        [
            -0.19889037771442308,
            1.1994228357460537,
            0.00048178142205379743,
            0.00028670181982267794,
            -12.148008875846335
        ]
    ],
    "new_camera_matrix": [
        [
            1839.112823213004,
            0.0,
            380.8227234700544
        ],
        [
            0.0,
            3675.9422685487575,
            555.8720920785811
        ],
        [
            0.0,
            0.0,
            1.0
        ]
    ],
    "roi": [
        2,
        5,
        794,
        1188
    ]
}