{
    "camera_matrix": [
        [
            3698.227655323308,
            0.0,
            748.4644842936536
        ],
        [
            0.0,
            3697.2253467187106,
            597.2596646247302
        ],
        [
            0.0,
            0.0,
            1.0
        ]
    ],
    "dist_coeffs": [
        [
            -0.25218684754318516,
            3.874515572039999,
            -0.0002494053913893519,
            0.0007881178434269884,
            -37.349498231234044
        ]
    ],
    "new_camera_matrix": [
        [
            3648.9284444896557,
            0.0,
            747.3914087679113
        ],
        [
            0.0,
            3642.9414546220632,
            597.0819101128803
        ],
        [
            0.0,
            0.0,
            1.0
        ]
    ],
    "roi": [
        4,
        6,
        1589,
        1187
    ]
}