{
    "camera_matrix": [
        [
            3790.460809323919,
            0.0,
            762.3849651224575
        ],
        [
            0.0,
            3790.1185150407496,
            540.2371029133469
        ],
        [
            0.0,
            0.0,
            1.0
        ]
    ],
    "dist_coeffs": [
        [
            -0.20362917181619963,
            1.3826860484265338,
            0.0011583550071437977,
            -0.0003001095779993275,
            -14.49865854378849
        ]
    ],
    "new_camera_matrix": [
        [
            3738.2666885153126,
            0.0,
            761.3011827068822
        ],
        [
            0.0,
            3736.738447566662,
            540.0240316133612
        ],
        [
            0.0,
            0.0,
            1.0
        ]
    ],
    "roi": [
        4,
        5,
        1589,
        1187
    ]
}