{
    "camera_matrix": [
        [
            3672.305565862706,
            0.0,
            745.2151372845725
        ],
        [
            0.0,
            3670.0796506219795,
            593.7152187560386
        ],
        [
            0.0,
            0.0,
            1.0
        ]
    ],
    "dist_coeffs": [
        [
            -0.24408775351649978,
            2.7809374392446222,
            -0.0004791058577949636,
            0.000801842350971724,
            -19.583220340259217
        ]
    ],
    "new_camera_matrix": [
        [
            3630.386915346,
            0.0,
            744.8449878425929
        ],
        [
            0.0,
            3626.536608001576,
            593.4079310550073
        ],
        [
            0.0,
            0.0,
            1.0
        ]
    ],
    "roi": [
        3,
        4,
        1593,
        1191
    ]
}