{
    "camera_matrix": [
        [
            4689.3625706866005,
            0.0,
            2053.5482175238812
        ],
        [
            0.0,
            4685.441235095088,
            1477.5044812902092
        ],
        [
            0.0,
            0.0,
            1.0
        ]
    ],
    "dist_coeffs": [
        [
            -0.09350177164667069,
            0.1562760423052941,
            -0.00041846855790534624,
            0.00044032691659944543,
            -0.06365597375436853
        ]
    ],
    "new_camera_matrix": [
        [
            4613.948248372234,
            0.0,
            2055.0440050082543
        ],
        [
            0.0,
            4609.64710644183,
            1476.4099882987177
        ],
        [
            0.0,
            0.0,
            1.0
        ]
    ],
    "roi": [
        7,
        12,
        4081,
        2975
    ]
}