{
    "camera_matrix": [
        [
            4697.508665457967,
            0.0,
            2052.5721514508796
        ],
        [
            0.0,
            4695.724422730257,
            1479.8517171422784
        ],
        [
            0.0,
            0.0,
            1.0
        ]
    ],
    "dist_coeffs": [
        [
            -0.08898492332688292,
            0.21699184554118928,
            -0.0002870756555525284,
            0.0004991293059991188,
            -0.34525351710186025
        ]
    ],
    "new_camera_matrix": [
        [
            4617.924318357027,
            0.0,
            2054.367305125179
        ],
        [
            0.0,
            4615.343839067545,
            1478.9140145129434
        ],
        [
            0.0,
            0.0,
            1.0
        ]
    ],
    "roi": [
        11,
        14,
        4073,
        2969
    ]
}