{
    "camera_matrix": [
        [
            3739.8435021851774,
            0.0,
            765.8617797425306
        ],
        [
            0.0,
            3739.6621469740285,
            543.8561080836882
        ],
        [
            0.0,
            0.0,
            1.0
        ]
    ],
    "dist_coeffs": [
        [
            -0.1915888521796938,
            0.5755866338843602,
            0.00041042910118959725,
            0.00017723135484917456,
            -2.7419645033335844
        ]
    ],
    "new_camera_matrix": [
        [
            3692.4159478093115,
            0.0,
            765.4816305092394
        ],
        [
            0.0,
            3692.469858566562,
            543.5994567815775
        ],
        [
            0.0,
            0.0,
            1.0
        ]
    ],
    "roi": [
        4,
        4,
        1591,
        1189
    ]
}