{
    "camera_matrix": [
        [
            3652.7563915341184,
            0.0,
            743.0500820841099
        ],
        [
            0.0,
            3652.1315462403636,
            598.6440801249406
        ],
        [
            0.0,
            0.0,
            1.0
        ]
    ],
    "dist_coeffs": [
        [
            -0.19596802497566201,
            1.1995873633187968,
            7.801512177728348e-05,
            0.0004626199608197091,
            -2.1528646543960837
        ]
    ],
    "new_camera_matrix": [
        [
            3620.2392689093,
            0.0,
            743.06280568588
        ],
        [
            0.0,
            3619.1626021679476,
            598.6816683102877
        ],
        [
            0.0,
            0.0,
            1.0
        ]
    ],
    "roi": [
        2,
        3,
        1596,
        1194
    ]
}