{
    "camera_matrix": [
        [
            4665.759213290311,
            0.0,
            2051.1215269863583
        ],
        [
            0.0,
            4664.721330208192,
            1479.5047389995098
        ],
        [
            0.0,
            0.0,
            1.0
        ]
    ],
    "dist_coeffs": [
        [
            -0.0843254033540577,
            0.25512404671664285,
            -0.00015323225531699912,
            0.0002427466524292519,
            -0.6179928441603367
        ]
    ],
    "new_camera_matrix": [
        [
            4571.213608163801,
            0.0,
            2052.14430891739
        ],
        [
            0.0,
            4570.676158490491,
            1478.6263865666351
        ],
        [
            0.0,
            0.0,
            1.0
        ]
    ],
    "roi": [
        19,
        20,
        4058,
        2959
    ]
}